	0	1	2	3	4	5	6	7	8
0	A	1	VAL	O	C	541	ARG	OXT	4.484403750778914
1	A	23	GLU	OE2	B	263	LYS	NZ	3.9292190063675494
2	A	31	ARG	NH2	B	265	PHE	O	2.9980728810354162
3	A	31	ARG	NH1	B	265	PHE	O	3.0392028560133997
4	A	31	ARG	NH1	B	266	THR	O	3.3559925506472763
5	A	31	ARG	NH2	B	267	PRO	N	4.347403132905895
6	A	31	ARG	NH1	B	267	PRO	N	3.8313732525035977
7	A	31	ARG	NH1	B	270	GLN	OE1	3.190033698881563
8	A	31	ARG	NE	B	270	GLN	OE1	3.914963473648253
9	A	35	SER	OG	B	267	PRO	O	4.183711629641796
10	A	35	SER	OG	B	270	GLN	OE1	3.8390752792827607
11	A	35	SER	OG	B	270	GLN	NE2	3.5805167224857364
12	A	35	SER	OG	B	270	GLN	O	4.233229145699533
13	A	35	SER	OG	B	271	ALA	N	3.5888089946387502
14	A	37	PRO	O	D	689	HIS	O	4.226452413076481
15	A	38	THR	OG1	D	642	ASP	OD2	4.4117471595729505
16	A	40	LYS	NZ	D	689	HIS	OXT	3.217609671790536
17	A	40	LYS	NZ	D	689	HIS	O	4.34618326811008
18	A	41	THR	O	D	583	ARG	NH1	4.416535520065471
19	A	41	THR	OG1	D	640	HIS	O	4.231951204822663
20	A	41	THR	O	D	640	HIS	O	3.6759511694254035
21	A	41	THR	OG1	D	642	ASP	N	3.7310402034821313
22	A	42	TYR	OH	D	642	ASP	OD1	2.7563337969121235
23	A	91	LEU	O	D	583	ARG	NH2	2.968310967536927
24	A	91	LEU	O	D	583	ARG	NE	3.7950231883349548
25	A	92	ARG	O	D	580	TRP	O	4.201824841661061
26	A	92	ARG	NH1	D	583	ARG	N	3.7993221763888356
27	A	92	ARG	NE	D	583	ARG	N	4.3437985680738
28	A	92	ARG	O	D	583	ARG	NE	3.5759906319787818
29	A	92	ARG	NH2	D	586	GLU	OE1	3.5376541662519827
30	A	92	ARG	NH1	D	586	GLU	OE1	2.653403286347555
31	A	94	ASP	OD1	D	580	TRP	NE1	3.4971192430341875
32	A	94	ASP	OD1	D	645	ASN	ND2	3.7556912812423775
33	A	97	ASN	ND2	D	642	ASP	OD1	3.740849502452616
34	A	97	ASN	OD1	D	642	ASP	OD1	2.894800511261527
35	A	103	HIS	NE2	B	251	ASN	OD1	3.577791777060258
36	A	103	HIS	ND1	B	251	ASN	ND2	4.201216133454693
37	A	103	HIS	ND1	B	251	ASN	OD1	3.910381694924423
38	A	103	HIS	ND1	B	251	ASN	O	4.366510048081877
39	A	103	HIS	NE2	B	270	GLN	NE2	3.889940487976648
40	A	103	HIS	NE2	B	274	GLN	OE1	2.8549989492117156
41	A	103	HIS	NE2	B	274	GLN	NE2	3.853606881870542
42	A	110	ALA	O	B	258	ALA	O	4.049450456543456
43	A	110	ALA	O	B	259	HIS	N	4.095023076858054
44	A	110	ALA	O	B	259	HIS	O	4.201974178883065
45	A	111	ALA	N	B	258	ALA	O	4.161764049054199
46	A	111	ALA	O	B	262	GLY	N	4.472419255839059
47	A	111	ALA	O	B	262	GLY	O	4.39027254279276
48	A	111	ALA	O	B	263	LYS	N	4.17884541470488
49	A	112	HIS	NE2	B	263	LYS	NZ	4.487107420153878
50	A	112	HIS	ND1	B	263	LYS	NZ	3.9109319861127716
51	A	113	LEU	O	B	259	HIS	NE2	4.35970572401395
52	A	114	PRO	N	B	259	HIS	NE2	4.246682587620602
53	A	114	PRO	O	B	259	HIS	NE2	2.2007428291374707
54	A	114	PRO	O	B	259	HIS	ND1	4.113244583051195
55	A	115	ALA	N	B	259	HIS	NE2	4.251364369234893
56	A	117	PHE	O	B	173	ARG	NH2	3.2705475076812447
57	A	117	PHE	O	B	173	ARG	NH1	2.7348466136147382
58	A	117	PHE	N	B	259	HIS	NE2	4.363312961500699
59	A	117	PHE	O	B	259	HIS	NE2	3.3773901166433227
60	A	117	PHE	O	B	259	HIS	ND1	4.107990262890114
61	A	118	THR	N	B	173	ARG	NH2	4.397440505566847
62	A	118	THR	N	B	173	ARG	NH1	4.0050410734473125
63	A	118	THR	O	B	173	ARG	NH2	3.5978467171351256
64	A	118	THR	O	B	173	ARG	NH1	4.246697069488238
65	A	119	PRO	N	B	173	ARG	NH2	3.7854916457443153
66	A	119	PRO	N	B	173	ARG	NH1	3.745571518473516
67	A	119	PRO	N	B	173	ARG	NE	4.457797886849515
68	A	122	HIS	ND1	B	173	ARG	NH2	3.0477580284530466
69	A	122	HIS	ND1	B	173	ARG	NE	4.291715274805634
70	A	126	ASP	OD1	B	178	TYR	OH	4.143840127224988
71	A	126	ASP	OD2	B	178	TYR	OH	3.5573767020095017
72	A	126	ASP	O	C	541	ARG	NH2	4.396421613084896
73	A	126	ASP	OD2	C	541	ARG	NH1	2.4401797064970436
74	A	126	ASP	OD2	C	541	ARG	NH2	3.2408179523077196
75	A	127	LYS	N	C	541	ARG	NH1	4.468514965847155
76	A	127	LYS	N	C	541	ARG	NH2	4.246720852610871
77	A	127	LYS	NZ	C	541	ARG	O	2.775127204291724
78	A	127	LYS	NZ	C	541	ARG	OXT	3.4768980427961935
79	A	141	ARG	OXT	C	401	VAL	O	4.49915469838502
80	A	141	ARG	NH1	C	523	ALA	O	4.427903680072546
81	A	141	ARG	NH1	C	526	ASP	OD2	2.8142618925750313
82	A	141	ARG	NH2	C	526	ASP	OD2	3.244306243251397
83	A	141	ARG	NH2	C	527	LYS	N	4.220604340612847
84	A	141	ARG	O	C	527	LYS	NZ	2.38682173611688
85	A	141	ARG	OXT	C	527	LYS	NZ	3.3892761764128934
86	A	141	ARG	NH1	D	577	VAL	O	2.58199341594823
87	A	141	ARG	NE	D	577	VAL	O	2.8987276519190304
88	A	141	ARG	NH1	D	578	TYR	N	4.446640192324988
89	B	173	ARG	NH2	A	117	PHE	O	3.2705475076812447
90	B	173	ARG	NH1	A	117	PHE	O	2.7348466136147382
91	B	173	ARG	NH2	A	118	THR	N	4.397440505566847
92	B	173	ARG	NH2	A	118	THR	O	3.5978467171351256
93	B	173	ARG	NH1	A	118	THR	N	4.0050410734473125
94	B	173	ARG	NH1	A	118	THR	O	4.246697069488238
95	B	173	ARG	NH2	A	119	PRO	N	3.7854916457443153
96	B	173	ARG	NH1	A	119	PRO	N	3.745571518473516
97	B	173	ARG	NE	A	119	PRO	N	4.457797886849515
98	B	173	ARG	NH2	A	122	HIS	ND1	3.0477580284530466
99	B	173	ARG	NE	A	122	HIS	ND1	4.291715274805634
100	B	177	VAL	O	C	541	ARG	NH1	3.0734212207245526
101	B	177	VAL	O	C	541	ARG	NE	3.127981138050548
102	B	178	TYR	OH	A	126	ASP	OD1	4.143840127224988
103	B	178	TYR	OH	A	126	ASP	OD2	3.5573767020095017
104	B	180	TRP	O	C	492	ARG	NE	3.888502153786211
105	B	180	TRP	NE1	C	494	ASP	OD1	3.3204401816626663
106	B	182	GLN	O	C	492	ARG	NH1	4.2289621658274505
107	B	183	ARG	NH2	C	491	LEU	O	3.3578929405208857
108	B	183	ARG	NE	C	491	LEU	O	3.6766737685032655
109	B	183	ARG	N	C	492	ARG	NH1	3.6080503045273633
110	B	183	ARG	N	C	492	ARG	NE	4.34303235078902
111	B	183	ARG	NE	C	492	ARG	O	3.6739418884898005
112	B	240	HIS	O	C	441	THR	OG1	4.07255214822352
113	B	240	HIS	O	C	441	THR	O	3.739446750523398
114	B	242	ASP	N	C	441	THR	OG1	3.9499086065376248
115	B	242	ASP	OD1	C	442	TYR	OH	2.23774998603508
116	B	242	ASP	OD2	C	442	TYR	OH	4.333372128031471
117	B	242	ASP	OD1	C	494	ASP	N	4.486337147384267
118	B	242	ASP	OD1	C	497	ASN	ND2	4.120138347191755
119	B	242	ASP	OD1	C	497	ASN	OD1	2.993974615790856
120	B	251	ASN	ND2	A	103	HIS	ND1	4.201216133454693
121	B	251	ASN	OD1	A	103	HIS	NE2	3.577791777060258
122	B	251	ASN	OD1	A	103	HIS	ND1	3.910381694924423
123	B	251	ASN	O	A	103	HIS	ND1	4.366510048081877
124	B	258	ALA	O	A	110	ALA	O	4.049450456543456
125	B	258	ALA	O	A	111	ALA	N	4.161764049054199
126	B	259	HIS	N	A	110	ALA	O	4.095023076858054
127	B	259	HIS	O	A	110	ALA	O	4.201974178883065
128	B	259	HIS	NE2	A	113	LEU	O	4.35970572401395
129	B	259	HIS	NE2	A	114	PRO	N	4.246682587620602
130	B	259	HIS	NE2	A	114	PRO	O	2.2007428291374707
131	B	259	HIS	ND1	A	114	PRO	O	4.113244583051195
132	B	259	HIS	NE2	A	115	ALA	N	4.251364369234893
133	B	259	HIS	NE2	A	117	PHE	N	4.363312961500699
134	B	259	HIS	NE2	A	117	PHE	O	3.3773901166433227
135	B	259	HIS	ND1	A	117	PHE	O	4.107990262890114
136	B	262	GLY	N	A	111	ALA	O	4.472419255839059
137	B	262	GLY	O	A	111	ALA	O	4.39027254279276
138	B	263	LYS	NZ	A	23	GLU	OE2	3.9292190063675494
139	B	263	LYS	N	A	111	ALA	O	4.17884541470488
140	B	263	LYS	NZ	A	112	HIS	NE2	4.487107420153878
141	B	263	LYS	NZ	A	112	HIS	ND1	3.9109319861127716
142	B	265	PHE	O	A	31	ARG	NH2	2.9980728810354162
143	B	265	PHE	O	A	31	ARG	NH1	3.0392028560133997
144	B	266	THR	O	A	31	ARG	NH1	3.3559925506472763
145	B	267	PRO	N	A	31	ARG	NH2	4.347403132905895
146	B	267	PRO	N	A	31	ARG	NH1	3.8313732525035977
147	B	267	PRO	O	A	35	SER	OG	4.183711629641796
148	B	270	GLN	OE1	A	31	ARG	NH1	3.190033698881563
149	B	270	GLN	OE1	A	31	ARG	NE	3.914963473648253
150	B	270	GLN	OE1	A	35	SER	OG	3.8390752792827607
151	B	270	GLN	NE2	A	35	SER	OG	3.5805167224857364
152	B	270	GLN	O	A	35	SER	OG	4.233229145699533
153	B	270	GLN	NE2	A	103	HIS	NE2	3.889940487976648
154	B	271	ALA	N	A	35	SER	OG	3.5888089946387502
155	B	274	GLN	OE1	A	103	HIS	NE2	2.8549989492117156
156	B	274	GLN	NE2	A	103	HIS	NE2	3.853606881870542
157	B	286	HIS	NE2	D	545	HIS	NE2	4.190798730552444
158	B	289	HIS	O	C	437	PRO	O	4.449348491633352
159	B	289	HIS	OXT	C	440	LYS	NZ	2.6940482549501605
160	B	289	HIS	O	C	440	LYS	NZ	3.6532096846471864
161	C	401	VAL	O	A	141	ARG	OXT	4.49915469838502
162	C	431	ARG	NH2	D	665	PHE	O	2.7623173242768457
163	C	431	ARG	NH1	D	665	PHE	O	3.328389099849954
164	C	431	ARG	NH2	D	666	THR	N	4.420289017700088
165	C	431	ARG	NH1	D	666	THR	O	3.714831355526116
166	C	431	ARG	NH2	D	667	PRO	N	4.142830674792297
167	C	431	ARG	NH1	D	667	PRO	N	3.7716103987554175
168	C	431	ARG	NH1	D	670	GLN	OE1	2.554206726167638
169	C	431	ARG	NE	D	670	GLN	OE1	3.7725509936911394
170	C	435	SER	OG	D	667	PRO	O	4.39048664728638
171	C	435	SER	OG	D	670	GLN	OE1	4.445720863931966
172	C	435	SER	OG	D	670	GLN	NE2	3.4406596751204557
173	C	435	SER	OG	D	670	GLN	O	4.272940439556814
174	C	435	SER	OG	D	671	ALA	N	3.736731994671278
175	C	437	PRO	O	B	289	HIS	O	4.449348491633352
176	C	440	LYS	NZ	B	289	HIS	OXT	2.6940482549501605
177	C	440	LYS	NZ	B	289	HIS	O	3.6532096846471864
178	C	441	THR	OG1	B	240	HIS	O	4.07255214822352
179	C	441	THR	O	B	240	HIS	O	3.739446750523398
180	C	441	THR	OG1	B	242	ASP	N	3.9499086065376248
181	C	442	TYR	OH	B	242	ASP	OD1	2.23774998603508
182	C	442	TYR	OH	B	242	ASP	OD2	4.333372128031471
183	C	491	LEU	O	B	183	ARG	NH2	3.3578929405208857
184	C	491	LEU	O	B	183	ARG	NE	3.6766737685032655
185	C	492	ARG	NE	B	180	TRP	O	3.888502153786211
186	C	492	ARG	NH1	B	182	GLN	O	4.2289621658274505
187	C	492	ARG	NH1	B	183	ARG	N	3.6080503045273633
188	C	492	ARG	NE	B	183	ARG	N	4.34303235078902
189	C	492	ARG	O	B	183	ARG	NE	3.6739418884898005
190	C	494	ASP	OD1	B	180	TRP	NE1	3.3204401816626663
191	C	494	ASP	N	B	242	ASP	OD1	4.486337147384267
192	C	497	ASN	ND2	B	242	ASP	OD1	4.120138347191755
193	C	497	ASN	OD1	B	242	ASP	OD1	2.993974615790856
194	C	503	HIS	NE2	D	651	ASN	OD1	3.79938547662645
195	C	503	HIS	ND1	D	651	ASN	ND2	4.409882651499925
196	C	503	HIS	ND1	D	651	ASN	OD1	4.300144532454694
197	C	503	HIS	ND1	D	651	ASN	O	4.414088580896401
198	C	503	HIS	NE2	D	670	GLN	NE2	4.346974695118434
199	C	503	HIS	NE2	D	674	GLN	OE1	2.9430696559884546
200	C	503	HIS	NE2	D	674	GLN	NE2	4.0517903450203345
201	C	510	ALA	O	D	658	ALA	O	4.041489329442798
202	C	510	ALA	O	D	659	HIS	N	4.15369835207132
203	C	510	ALA	O	D	659	HIS	NE2	4.417973404175267
204	C	510	ALA	O	D	659	HIS	O	3.9621004530425528
205	C	511	ALA	N	D	658	ALA	O	3.9332853951880984
206	C	511	ALA	N	D	659	HIS	N	4.359562133976301
207	C	511	ALA	O	D	663	LYS	N	4.208064994745211
208	C	513	LEU	O	D	659	HIS	NE2	4.063910555118066
209	C	514	PRO	O	D	659	HIS	NE2	2.489001607070594
210	C	517	PHE	O	D	573	ARG	NH2	3.1111293769305086
211	C	517	PHE	O	D	573	ARG	NH1	2.781585519087991
212	C	517	PHE	O	D	659	HIS	NE2	3.4059983852022024
213	C	517	PHE	O	D	659	HIS	ND1	4.02550878771864
214	C	518	THR	N	D	573	ARG	NH1	4.430482930787569
215	C	518	THR	O	D	573	ARG	NH2	3.562878050116226
216	C	518	THR	O	D	573	ARG	NH1	4.4648200411662735
217	C	519	PRO	N	D	573	ARG	NH2	3.6906938372073097
218	C	519	PRO	N	D	573	ARG	NH1	3.6772920743394852
219	C	522	HIS	ND1	D	573	ARG	NH2	2.836934260782225
220	C	522	HIS	ND1	D	573	ARG	NE	3.963049078676671
221	C	523	ALA	O	A	141	ARG	NH1	4.427903680072546
222	C	526	ASP	OD2	A	141	ARG	NH1	2.8142618925750313
223	C	526	ASP	OD2	A	141	ARG	NH2	3.244306243251397
224	C	526	ASP	OD1	D	578	TYR	OH	4.092284691953872
225	C	526	ASP	OD2	D	578	TYR	OH	3.567566117116823
226	C	527	LYS	N	A	141	ARG	NH2	4.220604340612847
227	C	527	LYS	NZ	A	141	ARG	O	2.38682173611688
228	C	527	LYS	NZ	A	141	ARG	OXT	3.3892761764128934
229	C	541	ARG	OXT	A	1	VAL	O	4.484403750778914
230	C	541	ARG	NH1	A	126	ASP	OD2	2.4401797064970436
231	C	541	ARG	NH2	A	126	ASP	O	4.396421613084896
232	C	541	ARG	NH2	A	126	ASP	OD2	3.2408179523077196
233	C	541	ARG	NH1	A	127	LYS	N	4.468514965847155
234	C	541	ARG	NH2	A	127	LYS	N	4.246720852610871
235	C	541	ARG	O	A	127	LYS	NZ	2.775127204291724
236	C	541	ARG	OXT	A	127	LYS	NZ	3.4768980427961935
237	C	541	ARG	NH1	B	177	VAL	O	3.0734212207245526
238	C	541	ARG	NE	B	177	VAL	O	3.127981138050548
239	D	545	HIS	NE2	B	286	HIS	NE2	4.190798730552444
240	D	573	ARG	NH2	C	517	PHE	O	3.1111293769305086
241	D	573	ARG	NH1	C	517	PHE	O	2.781585519087991
242	D	573	ARG	NH2	C	518	THR	O	3.562878050116226
243	D	573	ARG	NH1	C	518	THR	N	4.430482930787569
244	D	573	ARG	NH1	C	518	THR	O	4.4648200411662735
245	D	573	ARG	NH2	C	519	PRO	N	3.6906938372073097
246	D	573	ARG	NH1	C	519	PRO	N	3.6772920743394852
247	D	573	ARG	NH2	C	522	HIS	ND1	2.836934260782225
248	D	573	ARG	NE	C	522	HIS	ND1	3.963049078676671
249	D	577	VAL	O	A	141	ARG	NH1	2.58199341594823
250	D	577	VAL	O	A	141	ARG	NE	2.8987276519190304
251	D	578	TYR	N	A	141	ARG	NH1	4.446640192324988
252	D	578	TYR	OH	C	526	ASP	OD1	4.092284691953872
253	D	578	TYR	OH	C	526	ASP	OD2	3.567566117116823
254	D	580	TRP	O	A	92	ARG	O	4.201824841661061
255	D	580	TRP	NE1	A	94	ASP	OD1	3.4971192430341875
256	D	583	ARG	NH1	A	41	THR	O	4.416535520065471
257	D	583	ARG	NH2	A	91	LEU	O	2.968310967536927
258	D	583	ARG	NE	A	91	LEU	O	3.7950231883349548
259	D	583	ARG	N	A	92	ARG	NH1	3.7993221763888356
260	D	583	ARG	N	A	92	ARG	NE	4.3437985680738
261	D	583	ARG	NE	A	92	ARG	O	3.5759906319787818
262	D	586	GLU	OE1	A	92	ARG	NH2	3.5376541662519827
263	D	586	GLU	OE1	A	92	ARG	NH1	2.653403286347555
264	D	640	HIS	O	A	41	THR	OG1	4.231951204822663
265	D	640	HIS	O	A	41	THR	O	3.6759511694254035
266	D	642	ASP	OD2	A	38	THR	OG1	4.4117471595729505
267	D	642	ASP	N	A	41	THR	OG1	3.7310402034821313
268	D	642	ASP	OD1	A	42	TYR	OH	2.7563337969121235
269	D	642	ASP	OD1	A	97	ASN	ND2	3.740849502452616
270	D	642	ASP	OD1	A	97	ASN	OD1	2.894800511261527
271	D	645	ASN	ND2	A	94	ASP	OD1	3.7556912812423775
272	D	651	ASN	ND2	C	503	HIS	ND1	4.409882651499925
273	D	651	ASN	OD1	C	503	HIS	NE2	3.79938547662645
274	D	651	ASN	OD1	C	503	HIS	ND1	4.300144532454694
275	D	651	ASN	O	C	503	HIS	ND1	4.414088580896401
276	D	658	ALA	O	C	510	ALA	O	4.041489329442798
277	D	658	ALA	O	C	511	ALA	N	3.9332853951880984
278	D	659	HIS	N	C	510	ALA	O	4.15369835207132
279	D	659	HIS	NE2	C	510	ALA	O	4.417973404175267
280	D	659	HIS	O	C	510	ALA	O	3.9621004530425528
281	D	659	HIS	N	C	511	ALA	N	4.359562133976301
282	D	659	HIS	NE2	C	513	LEU	O	4.063910555118066
283	D	659	HIS	NE2	C	514	PRO	O	2.489001607070594
284	D	659	HIS	NE2	C	517	PHE	O	3.4059983852022024
285	D	659	HIS	ND1	C	517	PHE	O	4.02550878771864
286	D	663	LYS	N	C	511	ALA	O	4.208064994745211
287	D	665	PHE	O	C	431	ARG	NH2	2.7623173242768457
288	D	665	PHE	O	C	431	ARG	NH1	3.328389099849954
289	D	666	THR	N	C	431	ARG	NH2	4.420289017700088
290	D	666	THR	O	C	431	ARG	NH1	3.714831355526116
291	D	667	PRO	N	C	431	ARG	NH2	4.142830674792297
292	D	667	PRO	N	C	431	ARG	NH1	3.7716103987554175
293	D	667	PRO	O	C	435	SER	OG	4.39048664728638
294	D	670	GLN	OE1	C	431	ARG	NH1	2.554206726167638
295	D	670	GLN	OE1	C	431	ARG	NE	3.7725509936911394
296	D	670	GLN	OE1	C	435	SER	OG	4.445720863931966
297	D	670	GLN	NE2	C	435	SER	OG	3.4406596751204557
298	D	670	GLN	O	C	435	SER	OG	4.272940439556814
299	D	670	GLN	NE2	C	503	HIS	NE2	4.346974695118434
300	D	671	ALA	N	C	435	SER	OG	3.736731994671278
301	D	674	GLN	OE1	C	503	HIS	NE2	2.9430696559884546
302	D	674	GLN	NE2	C	503	HIS	NE2	4.0517903450203345
303	D	689	HIS	O	A	37	PRO	O	4.226452413076481
304	D	689	HIS	OXT	A	40	LYS	NZ	3.217609671790536
305	D	689	HIS	O	A	40	LYS	NZ	4.34618326811008
